Número de Documento,Nombre,Apellido,Fecha de Nacimiento,Edad,Género,Prioridad
555981646,Pedro,Martínez,01/02/1993,31,Mujer,1
145553295,Jorge,Martínez,30/01/1967,57,Hombre,3
948856717,Laura,García,18/10/1940,84,Hombre,1
294952015,Pedro,Ramírez,05/01/1925,99,Mujer,1
875417510,Ana,Ramírez,05/12/2004,19,Mujer,1
128401659,Carmen,Ramírez,23/01/1930,94,Hombre,1
117936600,Luis,Ramírez,14/05/1958,66,Mujer,1
143799451,Ana,Martínez,06/09/1927,97,Mujer,1
443581489,Juan,Pérez,21/06/2004,20,Hombre,3
145891596,Ana,López,01/07/1958,66,Hombre,1
235070530,Marta,Rodríguez,22/06/1957,67,Hombre,1
865189119,Luis,Rodríguez,13/09/2021,3,Hombre,2
168162607,María,López,02/02/1940,84,Mujer,1
531412864,Pedro,Pérez,24/03/1992,32,Hombre,3
711702222,Laura,Rodríguez,24/02/2017,7,Mujer,1
701365870,Laura,Pérez,24/02/2010,14,Hombre,2
121994204,Ana,Torres,09/04/1963,61,Hombre,1
34842479,Marta,Pérez,02/06/1974,50,Hombre,3
666267290,María,Rodríguez,18/08/1932,92,Hombre,1
702682300,Carmen,Torres,09/04/1964,60,Hombre,3
470411965,Juan,Martínez,26/07/1973,51,Mujer,3
520578982,Laura,Fernández,07/03/1951,73,Hombre,1
896452203,Laura,Rodríguez,06/04/2001,23,Hombre,3
192874558,Jorge,Sánchez,23/11/2001,22,Mujer,3
192226401,Jorge,Sánchez,30/01/1975,49,Hombre,3
111745527,José,Ramírez,19/08/1933,91,Mujer,1
595823605,Juan,Ramírez,01/11/1998,26,Hombre,3
64935636,José,López,25/02/1944,80,Mujer,1
700585323,Jorge,García,12/04/1984,40,Hombre,3
268073281,Pedro,Ramírez,11/04/1985,39,Hombre,3
439388680,Ana,Fernández,22/01/2007,17,Hombre,2
950600230,Ana,López,03/09/2003,21,Mujer,3
70494464,José,Torres,03/09/1947,77,Mujer,1
777480100,Carmen,Fernández,28/04/1975,49,Hombre,3
676103768,Luis,García,05/08/1972,52,Hombre,3
935553589,Jorge,Pérez,15/08/1987,37,Mujer,1
149105008,Carmen,López,15/03/1984,40,Mujer,1
572014712,José,Martínez,21/05/1997,27,Hombre,3
884729823,Luis,Rodríguez,25/12/1957,66,Mujer,1
195144648,Pedro,Martínez,06/06/1956,68,Mujer,1
740655669,Marta,García,28/02/2003,21,Hombre,3
675010498,Juan,Rodríguez,02/02/2021,3,Mujer,1
45625526,Laura,Martínez,10/03/2003,21,Mujer,1
158636037,Marta,Ramírez,23/11/1975,48,Mujer,1
481214966,Pedro,Sánchez,17/04/1928,96,Hombre,1
856693774,Marta,Rodríguez,09/03/2015,9,Hombre,2
235132100,Carmen,Martínez,15/07/2000,24,Hombre,3
241462262,José,González,04/07/1970,54,Mujer,3
101401843,Pedro,Fernández,17/12/1953,70,Hombre,1
309616185,Luis,Fernández,31/01/1945,79,Hombre,1
349866296,Juan,Martínez,02/10/1968,56,Mujer,1
360276837,Carmen,Pérez,17/10/1928,96,Hombre,1
493273935,Laura,Rodríguez,24/11/1987,36,Hombre,3
196262220,Marta,Martínez,28/02/1948,76,Hombre,1
600280163,José,Rodríguez,17/01/1961,63,Hombre,1
277082734,Ana,Martínez,12/10/1981,43,Mujer,1
330156536,José,Ramírez,11/04/1948,76,Mujer,1
723676343,Juan,Sánchez,04/04/1972,52,Hombre,3
489018437,Luis,Sánchez,04/05/2011,13,Hombre,2
693927943,Pedro,González,01/11/1982,42,Hombre,3
859068304,Ana,Torres,07/10/2005,19,Hombre,3
402186154,Laura,Torres,14/05/1945,79,Mujer,1
948020895,Jorge,Torres,31/10/1979,45,Mujer,1
575296686,Ana,Pérez,03/04/1986,38,Mujer,3
183861126,José,García,27/12/1965,58,Mujer,3
150040450,Laura,Fernández,18/11/2015,8,Mujer,2
934156530,Carmen,González,13/04/1989,35,Hombre,3
740886878,Marta,Martínez,23/12/1942,81,Mujer,1
98469364,Ana,Rodríguez,04/01/1976,48,Mujer,3
664973298,Luis,Sánchez,03/10/2003,21,Mujer,1
346255982,Marta,Torres,18/10/2001,23,Hombre,3
706184688,Carmen,Ramírez,06/02/2022,2,Hombre,2
672006629,Jorge,García,29/01/2020,4,Mujer,1
371258398,Luis,Martínez,08/02/1931,93,Mujer,1
185696748,Pedro,García,26/10/1971,53,Hombre,3
62323914,Ana,Martínez,01/09/2016,8,Mujer,1
136595124,Jorge,Sánchez,19/04/1963,61,Hombre,1
58247123,María,Ramírez,05/07/1987,37,Hombre,3
217629443,José,Martínez,26/08/1988,36,Mujer,3
786433050,José,González,28/12/1968,55,Mujer,1
426833148,Juan,González,12/05/1978,46,Mujer,3
776715266,Luis,Martínez,27/05/1991,33,Mujer,1
570801988,Luis,Sánchez,06/08/1995,29,Mujer,1
168191424,Ana,Rodríguez,06/01/2024,0,Hombre,2
348057224,Juan,Fernández,26/12/1981,42,Hombre,3
285003840,Jorge,Ramírez,16/03/1999,25,Hombre,3
565852616,Juan,Martínez,11/08/1939,85,Hombre,1
795570749,Luis,Martínez,14/01/1963,61,Hombre,1
858204744,Jorge,Martínez,09/01/2008,16,Mujer,2
125012681,Jorge,López,27/06/1971,53,Mujer,1
549376352,Juan,Fernández,02/11/1967,57,Mujer,1
54597087,Juan,Martínez,13/02/1933,91,Mujer,1
224039238,Pedro,Martínez,20/11/1952,71,Hombre,1
590607160,Laura,Sánchez,10/12/1928,95,Mujer,1
127519229,Juan,Torres,18/05/1947,77,Hombre,1
533725449,María,Sánchez,06/09/1958,66,Mujer,1
619777244,Carmen,López,22/09/1932,92,Mujer,1
38647113,Luis,González,09/02/1933,91,Mujer,1
135834871,Luis,Rodríguez,02/03/2009,15,Mujer,1
988424850,María,Fernández,26/05/1954,70,Hombre,1
781837952,Pedro,García,30/06/1941,83,Hombre,1
865690215,Jorge,Torres,11/04/1957,67,Mujer,1
348406499,Ana,Sánchez,03/10/1994,30,Mujer,1
996314973,Jorge,Sánchez,06/04/1957,67,Hombre,1
278717111,Luis,Torres,23/06/1925,99,Hombre,1
545146294,Marta,Pérez,14/12/1959,64,Hombre,1
870032817,Luis,López,15/11/1966,57,Hombre,3
350137467,Carmen,Rodríguez,04/12/1962,61,Hombre,1
983570401,Laura,García,03/12/1992,31,Mujer,1
821078757,María,Fernández,24/05/2009,15,Mujer,1
424790025,Pedro,Pérez,10/11/2011,12,Mujer,2
281586249,Pedro,Torres,20/09/2010,14,Mujer,2
391624695,Luis,García,23/02/1951,73,Mujer,1
527524377,José,Ramírez,06/05/1950,74,Hombre,1
790960907,María,Torres,12/12/1930,93,Hombre,1
130668884,Ana,García,14/05/1995,29,Hombre,3
600892690,Jorge,Ramírez,08/05/2021,3,Mujer,2
674436096,José,Ramírez,19/12/1997,26,Hombre,3
644057696,Juan,Rodríguez,11/12/1975,48,Mujer,3
846241463,Pedro,López,18/05/1970,54,Mujer,1
443848460,Carmen,González,21/01/1975,49,Mujer,3
408364422,José,Martínez,09/05/1949,75,Mujer,1
209809365,Luis,García,15/04/1997,27,Mujer,1
236894043,Carmen,González,27/11/1972,51,Mujer,3
282946479,Pedro,Torres,24/02/1938,86,Mujer,1
660459363,Pedro,Pérez,30/04/1973,51,Mujer,3
923219659,José,Torres,04/07/1961,63,Hombre,1
113742026,Laura,Pérez,22/11/1932,91,Mujer,1
562922923,Pedro,Fernández,15/10/1956,68,Mujer,1
348952476,Pedro,Torres,13/11/2023,0,Mujer,2
320411119,José,González,26/07/2016,8,Hombre,2
61645041,Marta,García,08/05/1942,82,Hombre,1
801933169,Laura,Fernández,14/02/1972,52,Hombre,3
459477778,Laura,Torres,02/07/1991,33,Hombre,3
824598449,María,Martínez,01/11/1931,93,Hombre,1
35988008,Ana,Fernández,26/07/2002,22,Hombre,3
857339940,Carmen,Sánchez,19/04/1994,30,Hombre,3
427729532,Jorge,López,03/10/1959,65,Mujer,1
936540312,Laura,Rodríguez,24/01/1985,39,Hombre,3
756745116,José,García,08/11/1935,88,Mujer,1
175388642,Juan,Martínez,17/09/1949,75,Hombre,1
252084080,Juan,García,02/05/1933,91,Mujer,1
62365124,Laura,González,02/12/1964,59,Mujer,3
132060413,Luis,García,17/06/1994,30,Hombre,3
43595832,Ana,Ramírez,24/07/2015,9,Hombre,2
318711404,Marta,García,10/02/1990,34,Hombre,3
874042636,Carmen,Fernández,29/08/1980,44,Hombre,3
749664209,José,López,23/08/1972,52,Hombre,3
38430269,Juan,López,14/11/1928,95,Hombre,1
893796332,José,Fernández,03/02/1976,48,Mujer,1
92402600,Luis,López,28/01/2017,7,Mujer,2
332047892,Marta,López,07/01/1969,55,Mujer,3
402633952,Laura,Rodríguez,05/08/1968,56,Hombre,3
805636810,Carmen,Martínez,30/05/1985,39,Mujer,1
571285497,José,López,25/09/1989,35,Mujer,1
102140255,Ana,Martínez,30/10/1947,77,Mujer,1
384222109,Carmen,Rodríguez,28/05/1971,53,Hombre,3
883189300,Jorge,López,23/04/2020,4,Hombre,2
930226867,Marta,Fernández,17/03/2004,20,Hombre,3
4821474,Ana,Pérez,12/12/2009,14,Mujer,2
310293895,Juan,Rodríguez,24/07/1973,51,Mujer,3
957417068,Juan,Pérez,12/08/1964,60,Hombre,3
791922245,Pedro,Fernández,04/10/1985,39,Mujer,1
999100478,María,López,14/09/1960,64,Mujer,1
21251868,María,Martínez,08/10/2023,1,Mujer,1
691702034,Luis,Rodríguez,02/02/2002,22,Mujer,3
505811670,Jorge,Martínez,25/12/1928,95,Hombre,1
829249061,Jorge,Sánchez,27/03/2014,10,Mujer,1
399686905,Jorge,Ramírez,19/09/1942,82,Mujer,1
131132077,Carmen,Rodríguez,13/07/1937,87,Mujer,1
523852143,Laura,Ramírez,21/03/1990,34,Mujer,3
975378034,José,González,21/11/1937,86,Hombre,1
518389461,Carmen,Fernández,01/04/1969,55,Hombre,3
857071384,María,Rodríguez,31/01/1973,51,Hombre,3
146754703,Ana,Rodríguez,22/11/1963,60,Hombre,3
451055271,Marta,Fernández,24/08/1983,41,Hombre,3
947685212,Jorge,López,25/08/1998,26,Hombre,3
240025829,Pedro,Torres,24/11/1962,61,Mujer,1
677358295,José,García,02/01/1994,30,Hombre,3
376689244,Laura,Fernández,30/06/1975,49,Mujer,1
379552716,Ana,Rodríguez,12/04/2022,2,Hombre,2
708616319,María,Ramírez,08/04/1996,28,Mujer,1
812840437,José,González,14/12/1966,57,Mujer,1
757650133,Carmen,Rodríguez,19/12/1934,89,Mujer,1
984054175,Laura,Rodríguez,03/11/2009,15,Hombre,2
138477542,María,Martínez,11/05/1947,77,Mujer,1
129649328,Luis,Pérez,09/11/2002,21,Mujer,1
79116953,Luis,Pérez,04/02/1984,40,Hombre,3
627036838,Ana,García,12/07/1941,83,Hombre,1
550850772,Laura,González,24/06/1936,88,Hombre,1
785610956,Luis,Torres,16/03/2001,23,Mujer,3
60757094,María,García,13/03/1970,54,Hombre,3
429561282,María,Ramírez,01/11/1980,44,Hombre,3
685442413,Laura,García,16/12/2015,8,Mujer,1
818011858,Jorge,Ramírez,04/08/1988,36,Hombre,3
394613010,Jorge,Rodríguez,26/08/1933,91,Hombre,1
121491437,Juan,Pérez,19/09/1987,37,Hombre,3
208614185,Laura,Fernández,15/09/1941,83,Hombre,1
980614737,Ana,Fernández,20/08/1945,79,Hombre,1
118035388,Juan,Torres,28/03/1997,27,Mujer,3
304584252,Juan,Martínez,18/05/1987,37,Mujer,1
559722831,Carmen,Martínez,06/09/2020,4,Hombre,2
901638865,Jorge,González,29/06/1943,81,Hombre,1
673453422,Jorge,García,04/07/1952,72,Mujer,1
53655530,Laura,Pérez,09/02/1932,92,Hombre,1
943305261,Ana,Fernández,07/05/2000,24,Hombre,3
954465501,Juan,López,08/03/2009,15,Mujer,2
959181127,María,Martínez,07/08/1981,43,Mujer,3
547065506,Laura,Sánchez,28/03/1951,73,Hombre,1
856792069,José,Pérez,12/08/1950,74,Hombre,1
537835735,José,Torres,21/10/2000,24,Hombre,3
445562890,Pedro,González,12/06/1989,35,Hombre,3
343173477,Jorge,González,01/02/2022,2,Hombre,2
852668019,José,García,12/09/1992,32,Hombre,3
566728769,Ana,Torres,11/05/1936,88,Mujer,1
269932655,María,Ramírez,28/09/1981,43,Mujer,1
699022632,Carmen,Torres,21/05/2003,21,Hombre,3
357467464,Marta,González,05/06/1942,82,Hombre,1
915999429,Marta,Rodríguez,10/09/1947,77,Mujer,1
216489785,Carmen,García,09/11/1954,69,Hombre,1
901504474,Laura,García,04/05/1954,70,Hombre,1
569511533,Luis,Sánchez,10/09/2007,17,Hombre,2
900668143,María,González,22/04/1952,72,Mujer,1
695542259,Laura,Pérez,07/03/1968,56,Mujer,1
228684898,Laura,García,10/07/1979,45,Hombre,3
487843651,Marta,González,19/06/1992,32,Hombre,3
353147161,Juan,Sánchez,23/03/2001,23,Hombre,3
78492493,Carmen,Fernández,29/07/2015,9,Hombre,2
162120906,Carmen,González,02/05/1957,67,Hombre,1
641929371,Juan,López,07/03/2017,7,Hombre,2
56614686,Juan,Fernández,06/12/1977,46,Mujer,3
319348167,Jorge,González,08/12/1935,88,Mujer,1
83837901,Ana,Martínez,04/11/1928,96,Mujer,1
40496991,Pedro,Martínez,11/11/1982,41,Mujer,3
795688762,Pedro,González,10/05/1938,86,Hombre,1
54621286,Marta,Pérez,29/09/1991,33,Hombre,3
917842642,Jorge,Sánchez,05/08/1937,87,Hombre,1
951763854,Laura,Sánchez,29/12/1995,28,Hombre,3
892980177,Juan,Ramírez,11/11/1928,95,Mujer,1
713200077,Carmen,Pérez,27/05/2024,0,Hombre,2
950307875,Jorge,López,13/03/1989,35,Hombre,3
354730580,Ana,Ramírez,29/04/1997,27,Hombre,3
548908184,Carmen,Ramírez,08/04/2021,3,Hombre,2
723295062,Carmen,Ramírez,12/08/1936,88,Mujer,1
26592045,Juan,Fernández,26/10/1983,41,Mujer,1
520962996,José,Rodríguez,03/12/1948,75,Hombre,1
575904647,Marta,Ramírez,07/07/1948,76,Mujer,1
735948481,Laura,García,17/06/1974,50,Hombre,3
990576908,Juan,Fernández,04/04/2023,1,Hombre,2
302641053,Marta,Pérez,20/09/1946,78,Mujer,1
271137799,Carmen,Ramírez,22/05/1979,45,Hombre,3
965710313,Pedro,Sánchez,20/11/1927,96,Hombre,1
165689361,Laura,Fernández,20/01/1958,66,Hombre,1
790958730,Juan,Pérez,28/12/1967,56,Mujer,3
198848035,Jorge,Rodríguez,02/06/1969,55,Hombre,3
607280734,Juan,Fernández,01/06/1941,83,Mujer,1
256438159,Jorge,López,12/07/1925,99,Mujer,1
851784572,José,Rodríguez,05/10/1926,98,Mujer,1
343440967,Carmen,Martínez,02/02/1946,78,Hombre,1
983702231,Jorge,López,19/05/1996,28,Mujer,1
386245142,Pedro,Rodríguez,29/10/1929,95,Mujer,1
512764756,Juan,García,20/06/1985,39,Mujer,1
359260137,Jorge,Rodríguez,17/04/2003,21,Hombre,3
938342921,Marta,López,29/03/1994,30,Mujer,1
396805789,Juan,Fernández,13/10/1972,52,Hombre,3
587324538,Luis,Torres,29/12/1951,72,Mujer,1
417188162,Pedro,López,25/07/2019,5,Mujer,2
726340890,Juan,Pérez,04/04/1960,64,Mujer,1
613065053,Jorge,García,22/04/1941,83,Mujer,1
24733177,Laura,Martínez,16/03/1949,75,Mujer,1
605552312,Jorge,Martínez,22/10/2014,10,Mujer,2
757216500,Carmen,Fernández,30/10/1990,34,Hombre,3
252205624,María,Ramírez,18/08/1998,26,Hombre,3
762245418,Pedro,Ramírez,08/01/1968,56,Mujer,1
983790818,Carmen,Sánchez,24/10/1934,90,Mujer,1
456316042,María,Torres,21/11/1931,92,Mujer,1
235119476,Marta,González,13/11/1947,76,Mujer,1
266084764,María,Martínez,16/05/1947,77,Hombre,1
729878987,Carmen,Rodríguez,02/06/1964,60,Mujer,3
303578724,Pedro,Martínez,13/06/1960,64,Mujer,1
253749854,Pedro,Torres,12/11/1973,50,Mujer,3
710012393,José,González,07/11/1968,55,Hombre,3
977812783,Laura,Martínez,16/01/1964,60,Mujer,3
166472824,Jorge,López,15/12/2022,1,Hombre,2
489849366,Pedro,Pérez,17/06/1975,49,Hombre,3
388249467,Carmen,Martínez,16/08/1948,76,Hombre,1
955238970,Luis,Pérez,22/08/1991,33,Mujer,3
967621557,Laura,García,14/09/1982,42,Mujer,3
315488614,María,González,06/09/1969,55,Mujer,1
901696674,Jorge,Fernández,03/02/1991,33,Hombre,3
3934469,Jorge,González,18/12/2001,22,Hombre,3
141657548,María,Martínez,30/10/1979,45,Hombre,3
717408636,María,Sánchez,12/11/2013,10,Hombre,2
419561303,Jorge,García,08/04/1974,50,Hombre,3
559334571,Jorge,Sánchez,17/11/1940,83,Mujer,1
443182701,Luis,Torres,28/10/1948,76,Mujer,1
635183841,Marta,Fernández,16/01/1967,57,Hombre,3
491805880,Luis,Martínez,19/05/1972,52,Mujer,1
665576533,Luis,Pérez,06/03/1974,50,Mujer,1
410796127,Jorge,García,09/02/1943,81,Hombre,1
394495212,Luis,Sánchez,30/03/1973,51,Hombre,3
397410442,Laura,Martínez,19/10/1987,37,Mujer,3
933854691,Juan,Ramírez,07/01/2018,6,Mujer,1
646805190,María,González,06/08/1966,58,Hombre,3
739329917,Laura,Ramírez,06/06/1942,82,Hombre,1
247977959,Marta,García,21/06/2006,18,Hombre,3
680447298,Pedro,Martínez,13/03/2011,13,Mujer,2
15212946,Luis,López,23/12/1974,49,Hombre,3
225768590,Pedro,Fernández,08/05/2000,24,Mujer,1
225729669,Marta,Ramírez,10/10/1932,92,Mujer,1
850189658,Jorge,Pérez,03/04/1971,53,Hombre,3
416273608,Ana,Pérez,07/07/1975,49,Mujer,3
115669216,Juan,González,08/12/1978,45,Mujer,1
985855041,Ana,López,02/07/2016,8,Hombre,2
641701404,Marta,López,30/07/1935,89,Hombre,1
908815784,Pedro,García,25/09/1984,40,Mujer,1
652666455,José,Rodríguez,09/08/1959,65,Hombre,1
338960131,Carmen,López,25/10/1947,77,Mujer,1
865461293,María,Sánchez,19/11/1957,66,Mujer,1
761049036,Marta,González,22/08/1977,47,Mujer,3
344180127,Marta,González,26/08/1953,71,Hombre,1
640234945,Pedro,López,23/03/2017,7,Mujer,2
822167719,Jorge,Ramírez,08/09/1960,64,Hombre,1
402601809,José,Sánchez,06/05/1998,26,Hombre,3
210326594,Jorge,López,17/02/1943,81,Hombre,1
576379203,José,García,03/06/1928,96,Mujer,1
477436345,María,López,23/06/1930,94,Hombre,1
920130049,José,Sánchez,14/09/1998,26,Hombre,3
403243441,Carmen,García,05/04/1938,86,Hombre,1
658047957,Laura,González,18/08/2013,11,Hombre,2
281187054,Marta,Pérez,02/06/1963,61,Mujer,1
317047761,Carmen,Rodríguez,11/04/2006,18,Hombre,3
955906213,Ana,López,05/01/1937,87,Mujer,1
982431432,María,Martínez,18/04/1960,64,Hombre,1
856406255,Pedro,Pérez,27/08/2006,18,Hombre,3
906216612,José,Sánchez,29/03/1927,97,Mujer,1
770221751,Juan,Rodríguez,30/10/1981,43,Hombre,3
798622867,Pedro,Ramírez,12/07/1953,71,Hombre,1
184586259,María,Torres,05/01/1960,64,Hombre,1
178793442,José,Torres,16/06/1982,42,Mujer,1
133564631,Luis,Martínez,16/11/1933,90,Mujer,1
984682839,Pedro,González,07/08/1944,80,Mujer,1
464586427,Pedro,Pérez,21/04/1985,39,Mujer,3
446282333,Jorge,Martínez,01/01/1943,81,Hombre,1
778478368,Carmen,López,14/05/1964,60,Mujer,3
306681105,Carmen,López,29/06/1970,54,Mujer,1
244641457,José,Torres,04/05/1998,26,Hombre,3
51850752,Jorge,González,01/04/1958,66,Hombre,1
888737435,José,García,10/04/1982,42,Mujer,3
421063708,Laura,Sánchez,08/12/1977,46,Mujer,1
9106861,Marta,Sánchez,10/05/1982,42,Mujer,3
243917730,María,Martínez,23/10/1949,75,Mujer,1
264564282,José,Fernández,24/07/2018,6,Mujer,1
188769164,José,Torres,05/03/1984,40,Hombre,3
995163441,Luis,García,06/09/1991,33,Hombre,3
298691764,José,Ramírez,15/10/1972,52,Hombre,3
179793878,María,Pérez,11/03/1975,49,Mujer,1
64983096,José,Torres,19/06/1939,85,Hombre,1
435730554,Juan,Ramírez,30/09/1986,38,Hombre,3
144845537,Luis,Ramírez,19/01/1953,71,Hombre,1
520572174,Pedro,Ramírez,21/10/1975,49,Mujer,1
434755965,Pedro,Pérez,17/02/1977,47,Hombre,3
775547524,Ana,Martínez,31/01/1967,57,Mujer,1
340828773,Juan,Sánchez,15/10/1963,61,Mujer,1
136638854,Pedro,García,04/10/1941,83,Hombre,1
384909071,Luis,Torres,14/08/2004,20,Mujer,3
411120242,Juan,Martínez,20/05/1975,49,Hombre,3
127355816,María,Rodríguez,30/04/2001,23,Mujer,1
137094277,José,Pérez,09/10/1938,86,Hombre,1
126825913,Carmen,Sánchez,16/01/2020,4,Hombre,2
294002592,Marta,Torres,17/09/1950,74,Hombre,1
86032735,Laura,Ramírez,02/05/1969,55,Mujer,3
784840424,José,Torres,10/05/1942,82,Hombre,1
601081695,Jorge,López,09/02/1935,89,Mujer,1
590326153,María,Ramírez,15/01/2002,22,Hombre,3
278566817,Luis,López,28/04/1971,53,Hombre,3
207369599,Laura,Rodríguez,17/05/1941,83,Mujer,1
813418874,María,Martínez,26/01/2001,23,Mujer,1
611181646,Ana,Fernández,10/08/1942,82,Hombre,1
714308325,Luis,Martínez,14/09/2007,17,Mujer,2
549698923,Luis,Pérez,02/10/2007,17,Hombre,2
718323510,Juan,González,20/04/1964,60,Mujer,1
29380284,Juan,Ramírez,19/02/2021,3,Hombre,2
182395155,José,Sánchez,03/12/1924,99,Mujer,1
575334821,Juan,Ramírez,08/07/1953,71,Hombre,1
867577485,Laura,Ramírez,19/10/2018,6,Hombre,2
786592353,Juan,Sánchez,31/03/1942,82,Hombre,1
461237556,Marta,González,20/12/1971,52,Hombre,3
105989874,Laura,López,02/10/1956,68,Hombre,1
168389390,Marta,Sánchez,13/11/1971,52,Mujer,1
608015796,Juan,López,09/04/1984,40,Hombre,3
570060806,Juan,Ramírez,19/05/2006,18,Hombre,3
593337242,Marta,Ramírez,03/03/1989,35,Hombre,3
457611611,Jorge,García,23/09/1987,37,Hombre,3
668559428,Ana,González,10/03/1983,41,Hombre,3
852294397,Marta,Sánchez,17/06/1993,31,Mujer,1
106826017,Laura,González,08/09/2024,0,Mujer,1
236945975,Ana,Ramírez,11/06/1952,72,Hombre,1
342931571,Ana,Martínez,31/08/1975,49,Hombre,3
49303812,Ana,Martínez,08/06/2023,1,Mujer,2
497330976,Luis,Rodríguez,16/02/1954,70,Mujer,1
821687428,Ana,Ramírez,04/10/1952,72,Mujer,1
893783732,Luis,García,14/11/1979,44,Mujer,1
414542412,Laura,Sánchez,06/10/1965,59,Mujer,3
175106865,Jorge,Sánchez,30/05/2006,18,Mujer,3
214597989,Carmen,Sánchez,06/04/1988,36,Mujer,3
549370963,María,García,25/05/1957,67,Hombre,1
712492057,Laura,López,26/06/1953,71,Mujer,1
91662415,Jorge,Torres,09/06/1950,74,Hombre,1
63903193,Ana,Fernández,14/12/1961,62,Mujer,1
584946499,Luis,González,06/07/1997,27,Hombre,3
35635657,Luis,López,15/08/1978,46,Hombre,3
615924630,Carmen,Martínez,02/07/2010,14,Mujer,1
948032589,Carmen,Fernández,18/12/1925,98,Hombre,1
450891179,Ana,López,27/10/1958,66,Hombre,1
961359947,Carmen,Pérez,01/06/2003,21,Mujer,3
288972193,Jorge,Ramírez,23/06/2000,24,Mujer,1
710798092,María,Fernández,27/08/2013,11,Hombre,2
403794845,María,García,22/07/1948,76,Mujer,1
557386378,Jorge,González,30/10/2017,7,Mujer,2
998079107,Pedro,Torres,29/03/1934,90,Hombre,1
239566467,Marta,Torres,10/02/2016,8,Mujer,1
999364398,Luis,López,17/03/2017,7,Hombre,2
975869753,Marta,Martínez,28/03/1997,27,Mujer,1
639205168,Jorge,Fernández,31/03/1992,32,Mujer,3
515961889,Pedro,López,20/10/1925,99,Mujer,1
987315801,María,Fernández,04/03/1987,37,Hombre,3
263642021,Pedro,Fernández,07/09/2002,22,Hombre,3
528527273,Pedro,Ramírez,28/10/1941,83,Hombre,1
4350051,Pedro,García,07/12/1993,30,Hombre,3
3195576,Carmen,López,04/12/1924,99,Hombre,1
721539836,Marta,Fernández,28/06/2019,5,Hombre,2
693984219,Laura,Sánchez,31/03/1967,57,Mujer,1
668180331,María,Torres,24/05/1957,67,Mujer,1
390701741,Carmen,Martínez,13/06/1980,44,Mujer,3
596888598,Ana,Torres,09/12/1957,66,Hombre,1
399979553,Pedro,García,04/10/1949,75,Mujer,1
798955805,José,López,23/07/1969,55,Hombre,3
192253375,José,Pérez,23/04/1964,60,Hombre,3
810348036,José,García,16/03/1949,75,Mujer,1
132958373,Laura,Ramírez,09/03/1948,76,Mujer,1
8106527,José,Torres,23/10/2011,13,Mujer,2
343662829,Jorge,Fernández,11/10/1942,82,Mujer,1
560851090,Luis,López,27/04/1991,33,Hombre,3
686745305,Marta,Rodríguez,20/10/1966,58,Mujer,1
237128639,Pedro,González,28/11/1951,72,Hombre,1
278625305,Marta,Ramírez,04/04/2001,23,Mujer,3
696955091,Luis,López,06/02/2004,20,Mujer,3
692376329,José,Ramírez,26/02/1949,75,Hombre,1
336523135,Jorge,Pérez,10/12/1993,30,Hombre,3
907969908,Marta,Sánchez,06/06/1983,41,Mujer,1
340605386,Pedro,Fernández,19/07/2006,18,Hombre,3
274936387,Marta,Torres,01/11/1976,48,Mujer,1
787596652,Juan,Torres,09/08/2001,23,Mujer,1
208669106,Carmen,Fernández,11/07/1991,33,Hombre,3
701964070,Luis,Pérez,20/06/2003,21,Mujer,1
565178483,José,García,14/01/1954,70,Hombre,1
153979914,Laura,Martínez,11/08/1998,26,Hombre,3
646497030,María,Fernández,17/12/1992,31,Hombre,3
190728279,María,Torres,04/07/1968,56,Mujer,3
57508237,José,Rodríguez,28/05/1968,56,Mujer,3
480336596,Pedro,Martínez,08/07/1958,66,Mujer,1
948049474,Luis,Torres,15/06/1931,93,Mujer,1
466613310,Ana,Torres,25/10/1970,54,Hombre,3
483580088,Luis,Pérez,15/02/2021,3,Mujer,1
913164057,María,González,06/02/2003,21,Mujer,3
15005128,Laura,García,29/06/1972,52,Mujer,3
54165487,María,Ramírez,28/01/2020,4,Hombre,2
655060851,Luis,Ramírez,13/06/1992,32,Mujer,3
691869411,Pedro,Sánchez,01/06/1997,27,Hombre,3
874163233,José,López,14/12/1976,47,Mujer,1
315077888,José,Fernández,12/03/1967,57,Mujer,1
748637671,Carmen,Torres,05/06/1946,78,Hombre,1
823250849,Laura,García,12/06/1998,26,Mujer,3
267237610,Pedro,Torres,04/09/2007,17,Mujer,2
46107793,Laura,Ramírez,02/03/2015,9,Mujer,2
613519815,José,González,03/02/2000,24,Mujer,1
160736297,José,Sánchez,21/05/1931,93,Hombre,1
187396498,Ana,López,24/09/1993,31,Hombre,3
520532447,Laura,García,15/07/1940,84,Hombre,1
2356977,María,Sánchez,07/07/1938,86,Hombre,1
788901061,Laura,López,11/06/1957,67,Mujer,1
561722142,Pedro,Torres,25/05/1940,84,Hombre,1
145854862,Marta,Pérez,28/11/2017,6,Hombre,2
390719480,Pedro,López,24/06/1948,76,Mujer,1
635863217,Pedro,Pérez,14/07/1964,60,Mujer,1
73437587,Carmen,García,14/05/1977,47,Mujer,1
973700892,Jorge,Pérez,05/03/1929,95,Mujer,1
293000148,Pedro,Martínez,13/11/1947,76,Mujer,1
524742060,Juan,López,03/09/1976,48,Hombre,3
246314476,Laura,Rodríguez,28/08/1928,96,Mujer,1
683409561,Juan,Ramírez,14/03/1946,78,Mujer,1
649334502,Carmen,Martínez,20/08/1938,86,Mujer,1
163423223,Jorge,González,16/08/1992,32,Mujer,1
495584057,Laura,Ramírez,07/08/1958,66,Hombre,1
930961097,Carmen,Pérez,09/02/2000,24,Mujer,3
891347273,Laura,Torres,16/02/1975,49,Mujer,3
549678023,Ana,Ramírez,06/08/1976,48,Hombre,3
99567866,Jorge,Martínez,30/08/2024,0,Mujer,1
392981216,Juan,Sánchez,24/11/1958,65,Hombre,1
